0.0001915,0.000209,3.284e-05,5.722e-05,9.438e-05,0.0002462,0.0001656,0.0001103,7.226e-05,2.524e-05,2.074e-05,9.525e-05,5.342e-05,1.21e-05,5.203e-05,0.0002515,4.149e-05,0.0001385,5.272e-05,0.0002605,0.0001668,0.0002375,0.0002064,0.0003547,0.0001869,0.0001481,0.0003813,0.0002462,0.0007974,0.0002161,0.0001029,6.88e-05,9.68e-05,0.0001006,3.336e-05,9.853e-05,3.25e-05,7.001e-05,6.223e-05,5.376e-05,1.884e-05,0.0001839,6.05e-05,1.711e-05,1.02e-05,0.0001243,3.993e-05,5.082e-05,2.489e-05,5.826e-05,9.577e-05,0.0004163,0.0003945,0.0001027,2.403e-05,0.0003049,0.0006125,0.0003184,0.0003969
0.000209,0.000502,0.0001369,0.000199,0.000394,0.0004386,0.0001193,8.246e-05,8.833e-05,6.258e-05,0.0001086,5.601e-05,1.902e-05,1.279e-05,6.292e-05,0.0001772,0.0001717,0.0001288,5.048e-05,0.0001851,0.0002092,0.0002161,0.0005921,0.0007551,0.0002074,0.0001098,0.0005551,0.0005473,0.001015,0.0003253,6.88e-05,9.611e-05,2.852e-05,1.832e-05,1.003e-05,9.905e-05,2.558e-05,6.396e-06,9.853e-06,3.371e-05,8.643e-06,0.0001538,1.867e-05,1.417e-05,0.0001696,0.0002057,3.959e-05,0.0001205,0.0007144,0.0002387,0.0003163,0.0005556,0.0004546,0.000617,0.0001068,0.0006871,0.000684,0.0006709,0.0003663
3.284e-05,0.0001369,9.68e-06,3.803e-06,0.0003253,0.0001526,0.0001298,0.0002465,7.018e-05,8.66e-05,1.314e-05,6.673e-05,3.682e-05,1.642e-05,2.887e-05,4.978e-05,9.508e-06,0.0002121,0.0002593,0.0003891,0.0003018,9.853e-05,0.0003793,0.0001552,6.448e-05,6.517e-05,0.0002188,0.0004263,0.0004558,0.0004138,0.0001461,0.0002966,0.0002508,0.0002678,0.0002771,1.296e-05,2.368e-05,0.0001222,2.247e-06,1.383e-06,5.134e-05,5.497e-05,3.457e-07,6.915e-07,1.798e-05,2.818e-05,1.815e-05,0.0001056,8.367e-05,7.329e-05,0.0002859,0.0006953,0.0005093,0.0004698,0.0001108,0.0006761,0.0006541,0.0002994,0.0001884
5.722e-05,0.000199,3.803e-06,5.186e-06,8.816e-06,5.964e-05,3.561e-05,1.279e-05,2.282e-05,6.465e-05,3.941e-05,0.0003027,1.262e-05,1.227e-05,3.457e-07,7.433e-06,0.0001578,0.0002239,0.0003234,0.0002163,0.0003844,0.0001872,1.919e-05,0.0002192,0.0001013,5.86e-05,0.0002347,0.0003836,0.0005763,0.0003684,0.000145,0.0003454,4.27e-05,2.005e-05,2.87e-05,5.359e-06,2.593e-06,1.037e-06,1.383e-06,0,2.939e-06,4.149e-06,0,1.902e-06,1.02e-05,3.734e-05,1.953e-05,3.371e-05,0.0001896,0.0001933,0.0004434,0.0005167,0.0003392,0.0008458,0.0003032,0.0005582,0.0001708,2.265e-05,3.786e-05
9.438e-05,0.000394,0.0003253,8.816e-06,6.223e-06,2.662e-05,0.0001207,1.59e-05,1.919e-05,0.0001592,0.000134,0.0003023,0.0001533,4.944e-05,5.186e-07,3.042e-05,0.0003101,0.0001713,0.0002109,0.0002427,0.0002951,0.0002268,3.647e-05,0.0002925,0.0001965,0.0001668,0.000177,7.848e-05,0.0003907,0.0002126,4.08e-05,0.0002939,1.642e-05,5.013e-06,1.729e-07,1.435e-05,4.494e-06,1.729e-07,3.457e-06,3.63e-06,1.417e-05,9.853e-06,0,3.803e-06,1.659e-05,3.146e-05,5.808e-05,5.67e-05,0.0001727,0.0002036,0.0003418,0.0003414,0.0002705,0.0007321,0.000164,0.0005502,0.0001357,3.198e-05,0.0002175
0.0002462,0.0004386,0.0001526,5.964e-05,2.662e-05,0.000315,0.0003241,9.663e-05,2.939e-06,4.84e-06,5.186e-07,0.0002411,0.0001369,0.0001175,1.21e-06,4.996e-05,4.062e-05,0.000422,0.000162,0.0002876,0.0002792,0.0001703,0.0001737,0.0002399,0.0001917,0.0002467,0.0001874,8.522e-05,0.0005933,0.00059,0.0001718,0.0002906,6.379e-05,1.106e-05,1.729e-06,1.746e-05,1.59e-05,2.766e-06,3.63e-06,1.729e-06,9.093e-05,1.521e-05,0,3.319e-05,0.0001971,5.186e-05,3.63e-05,0.0001371,0.0001959,0.0002045,0.0002826,0.0004526,0.0006002,0.0009226,0.0002648,0.0003608,0.0001039,5.463e-05,5.808e-05
0.0001656,0.0001193,0.0001298,3.561e-05,0.0001207,0.0003241,0.0001736,0.0001772,1.832e-05,1.487e-05,5.186e-06,4.131e-05,0.0001329,6.966e-05,2.593e-06,2.195e-05,7.036e-05,0.0003067,3.146e-05,6.171e-05,0.0001087,2.074e-05,0.0001392,0.0001768,5.653e-05,0.0003915,0.0002697,0.0003376,0.0004095,0.000325,0.0002724,0.0001634,6.707e-05,1.4e-05,1.729e-06,7.779e-06,2.714e-05,8.903e-05,2.42e-06,1.902e-06,0.0001815,0.0001124,6.915e-07,1.729e-06,0.0001632,3.302e-05,4.546e-05,1.729e-05,0.0001692,0.0001203,9.248e-05,0.000401,0.0011,0.0001876,6.344e-05,0.000233,0.0002005,0.000116,0.000129
0.0001103,8.246e-05,0.0002465,1.279e-05,1.59e-05,9.663e-05,0.0001772,0.0001051,2.593e-06,1.729e-07,1.054e-05,8.989e-06,0.0002394,0.0001758,2.299e-05,0.0004315,0.0004311,0.000321,9.179e-05,2.178e-05,4.097e-05,3.907e-05,0.0001407,7.502e-05,8.903e-05,0.0002807,0.0003539,5.342e-05,6.171e-05,0.0001744,0.0001296,0.0001378,7.692e-05,1.175e-05,1.037e-06,0.0001079,0.0002,4.598e-05,3.751e-05,4.494e-06,0.0002029,3.976e-06,1.729e-06,2.852e-05,7.174e-05,0.000154,0.0001737,5.238e-05,0.0001886,0.0001573,1.694e-05,0.0001611,0.000288,0.0006821,5.342e-05,0.0001091,5.514e-05,2.23e-05,0.0001971
7.226e-05,8.833e-05,7.018e-05,2.282e-05,1.919e-05,2.939e-06,1.832e-05,2.593e-06,5.877e-06,0,5.877e-06,4.84e-06,0.0001146,8.799e-05,5.566e-05,0.0003888,0.0004809,0.0001988,0.0002097,3.094e-05,0.0001519,0.0001035,5.653e-05,7.917e-05,0.0001035,0.0001761,0.0001215,7.001e-05,4.218e-05,3.526e-05,5.255e-05,9.075e-05,6.189e-05,3.907e-05,2.489e-05,2.074e-05,0.0001156,7.606e-06,5.912e-05,1.867e-05,0.0001093,8.989e-06,5.618e-05,3.699e-05,2.697e-05,0.0001452,7.744e-05,1.971e-05,9.836e-05,5.532e-05,1.902e-05,7.831e-05,0.0002206,0.0006296,7.52e-05,0.0001424,9.3e-05,0.0001379,0.0003407
2.524e-05,6.258e-05,8.66e-05,6.465e-05,0.0001592,4.84e-06,1.487e-05,1.729e-07,0,0,1.729e-07,1.729e-06,8.643e-05,3.976e-06,3.457e-07,0.0002067,9.957e-05,7.606e-05,0.0002921,2.818e-05,9.577e-05,4.443e-05,7.226e-05,9.508e-05,3.388e-05,0.0001082,3.526e-05,6.552e-05,0.0002028,0.0001101,5.065e-05,8.384e-05,4.875e-05,2.074e-05,4.149e-06,7.952e-06,3.786e-05,2.42e-06,8.297e-06,0,3.475e-05,6.742e-06,8.643e-07,2.766e-06,2.178e-05,0.00012,5.705e-06,2.247e-06,5.739e-05,0.000143,2.247e-05,6.05e-05,0.0002429,0.0008816,0.0001981,0.0002648,0.0002204,0.0001658,0.000419
2.074e-05,0.0001086,1.314e-05,3.941e-05,0.000134,5.186e-07,5.186e-06,1.054e-05,5.877e-06,1.729e-07,2.074e-06,5.964e-05,1.02e-05,8.488e-05,2.074e-06,5.359e-06,1.175e-05,0.0001763,2.991e-05,0.000344,9.024e-05,4.201e-05,8.055e-05,2.731e-05,2.074e-06,4.149e-06,0.0001348,3.267e-05,0.0002178,5.169e-05,1.625e-05,5.705e-05,2.403e-05,1.141e-05,1.729e-07,3.578e-05,3.509e-05,2.161e-05,3.284e-06,3.993e-05,1.072e-05,4.823e-05,1.21e-06,5.186e-06,1.988e-05,1.469e-05,1.21e-06,2.074e-06,2.42e-06,1.556e-06,3.855e-05,0.0002144,0.0006412,0.0003722,8.764e-05,0.0001559,0.0004857,9.836e-05,9.559e-05
9.525e-05,5.601e-05,6.673e-05,0.0003027,0.0003023,0.0002411,4.131e-05,8.989e-06,4.84e-06,1.729e-06,5.964e-05,2.766e-06,6.569e-06,6.379e-05,1.02e-05,0.0001615,2.852e-05,7.675e-05,0.000259,0.0001518,0.0002048,0.0002434,0.0001354,8.332e-05,9.266e-05,4.356e-05,0.0001122,0.0001087,0.0003338,0.0002517,0.0001599,6.05e-05,2.541e-05,1.556e-05,9.162e-06,0.0001072,6.69e-05,2.714e-05,2.921e-05,5.238e-05,0.0001118,0.0002972,0.0001392,1.417e-05,0.0001492,0.0003924,0.0001341,1.815e-05,1.331e-05,0.0001523,8.401e-05,0.0002323,0.0004024,0.0005715,0.0002449,0.0002017,0.0003044,0.0003495,0.000437
5.342e-05,1.902e-05,3.682e-05,1.262e-05,0.0001533,0.0001369,0.0001329,0.0002394,0.0001146,8.643e-05,1.02e-05,6.569e-06,5.186e-06,2.265e-05,8.816e-06,2.023e-05,8.125e-06,0.0001336,2.42e-06,0.0002042,0.0003461,0.0002959,2.282e-05,1.971e-05,0.0001265,0.0001443,0.0002685,0.0003224,0.0007343,0.0004294,0.0003431,0.0003639,0.0001843,0.0001008,2.247e-05,3.596e-05,4.252e-05,0.0001333,0.000208,1.763e-05,0.0001369,0.000447,0.0002373,9.853e-05,0.0001449,0.0002856,0.0001163,0.0002093,5.186e-06,4.339e-05,1.538e-05,0.0002401,0.0002994,0.0001392,0.000126,0.0001343,0.0003324,0.0003376,0.0002152
1.21e-05,1.279e-05,1.642e-05,1.227e-05,4.944e-05,0.0001175,6.966e-05,0.0001758,8.799e-05,3.976e-06,8.488e-05,6.379e-05,2.265e-05,5.532e-06,0.0001632,9.542e-05,0.0001307,8.73e-05,5.705e-06,7.554e-05,1.279e-05,1.054e-05,2.766e-06,7.779e-05,9.266e-05,7.26e-06,1.504e-05,1.054e-05,1.487e-05,1.659e-05,2.04e-05,6.327e-05,9.024e-05,6.845e-05,8.47e-06,3.163e-05,4.062e-05,0.0001324,0.0001907,6.569e-06,3.042e-05,0.0002595,0,0,1.02e-05,2.247e-06,8.989e-06,7.087e-06,2.074e-06,8.125e-06,2.87e-05,0.000164,0.0002935,0.0004444,7.986e-05,0.0001433,8.401e-05,9.127e-05,0.0001309
5.203e-05,6.292e-05,2.887e-05,3.457e-07,5.186e-07,1.21e-06,2.593e-06,2.299e-05,5.566e-05,3.457e-07,2.074e-06,1.02e-05,8.816e-06,0.0001632,8.678e-05,0.0002296,2.005e-05,1.175e-05,1.729e-07,2.247e-06,6.05e-06,6.119e-05,3.457e-07,5.186e-07,0.0001765,4.494e-06,3.63e-06,4.667e-06,1.158e-05,1.832e-05,5.532e-05,0.0001315,0.0002626,0.0002418,4.84e-05,1.746e-05,6.984e-05,0.0002612,4.633e-05,9.68e-06,8.574e-05,0.000301,4.84e-06,4.494e-06,2.662e-05,1.832e-05,1.158e-05,2.109e-05,6.915e-07,6.915e-07,3.336e-05,0.0001831,0.0002436,0.0001533,8.159e-05,4.823e-05,6.344e-05,5.169e-05,0.000172
0.0002515,0.0001772,4.978e-05,7.433e-06,3.042e-05,4.996e-05,2.195e-05,0.0004315,0.0003888,0.0002067,5.359e-06,0.0001615,2.023e-05,9.542e-05,0.0002296,1.245e-05,4.84e-06,4.702e-05,1.729e-07,8.47e-06,1.037e-06,3.457e-06,1.729e-07,5.186e-07,6.569e-06,1.383e-06,3.284e-06,5.359e-06,4.927e-05,4.408e-05,2.299e-05,0.0001238,0.0001369,0.0001106,3.889e-05,0,8.194e-05,0.000343,1.21e-06,0.000107,0.0004695,0.0005307,0,0.0001193,0.0003615,0.0002944,3.751e-05,7.26e-06,2.42e-06,7.433e-06,0.0001941,0.0002942,0.0004847,0.0001252,0.0003549,8.038e-05,0.0001506,0.0001065,6.759e-05
4.149e-05,0.0001717,9.508e-06,0.0001578,0.0003101,4.062e-05,7.036e-05,0.0004311,0.0004809,9.957e-05,1.175e-05,2.852e-05,8.125e-06,0.0001307,2.005e-05,4.84e-06,1.037e-06,4.667e-06,3.112e-06,1.054e-05,4.667e-06,2.593e-06,1.037e-06,0,4.823e-05,4.494e-06,4.84e-06,8.418e-05,4.84e-05,9.715e-05,3.596e-05,0.0003272,0.000358,0.0002781,4.304e-05,1.902e-06,3.803e-06,7.571e-05,1.106e-05,3.457e-07,3.578e-05,0.00027,6.742e-06,0,0.0001475,8.643e-06,5.186e-07,2.42e-06,8.643e-07,1.729e-06,2.87e-05,0.000246,0.0002622,0.0001502,0.0001329,0.0001364,0.0003476,0.0003212,0.0001034
0.0001385,0.0001288,0.0002121,0.0002239,0.0001713,0.000422,0.0003067,0.000321,0.0001988,7.606e-05,0.0001763,7.675e-05,0.0001336,8.73e-05,1.175e-05,4.702e-05,4.667e-06,1.936e-05,4.771e-05,4.667e-06,1.729e-07,6.915e-07,1.072e-05,1.902e-06,2.386e-05,1.227e-05,1.383e-05,3.129e-05,8.004e-05,7.07e-05,3.146e-05,0.0002211,0.0003265,0.0002377,5.532e-05,0.0001169,8.626e-05,4.961e-05,1.366e-05,0.0001525,1.711e-05,2.437e-05,2.247e-06,3.509e-05,0.0003258,1.037e-06,3.457e-07,1.037e-06,2.939e-06,0.0002503,0.0003354,0.0003649,0.0001649,0.0001447,0.0005609,0.0001329,0.000199,0.0002209,0.0001027
5.272e-05,5.048e-05,0.0002593,0.0003234,0.0002109,0.000162,3.146e-05,9.179e-05,0.0002097,0.0002921,2.991e-05,0.000259,2.42e-06,5.705e-06,1.729e-07,1.729e-07,3.112e-06,4.771e-05,2.42e-06,7.779e-06,1.383e-06,6.742e-06,1.383e-05,1.729e-05,0.0002449,1.729e-05,5.947e-05,7.727e-05,0.0001552,0.0001201,0.0001258,0.00028,0.0001487,0.0001063,3.526e-05,0.000172,0.0001583,3.82e-05,7.952e-06,0.0001376,3.63e-06,6.569e-06,4.84e-06,1.556e-06,7.278e-05,6.915e-07,5.359e-06,3.457e-07,2.057e-05,7.779e-05,0.0004731,0.0003993,0.0002709,0.0001844,0.0005029,7.554e-05,0.0001526,2.507e-05,0.0002463
0.0002605,0.0001851,0.0003891,0.0002163,0.0002427,0.0002876,6.171e-05,2.178e-05,3.094e-05,2.818e-05,0.000344,0.0001518,0.0002042,7.554e-05,2.247e-06,8.47e-06,1.054e-05,4.667e-06,7.779e-06,6.915e-07,1.037e-06,3.112e-06,1.175e-05,8.297e-06,2.368e-05,0.0001317,3.976e-05,3.112e-06,7.952e-06,4.667e-06,5.359e-06,0.0002142,5.722e-05,3.44e-05,1.902e-06,0.0002131,0.0004553,1.124e-05,1.711e-05,0.0002332,5.532e-06,6.742e-06,3.457e-07,1.884e-05,8.453e-05,0,1.729e-06,3.976e-05,3.284e-06,0.0004688,0.0006055,0.0005917,0.0001023,0.0001749,0.0003326,2.144e-05,6.759e-05,1.902e-06,0.0002781
0.0001668,0.0002092,0.0003018,0.0003844,0.0002951,0.0002792,0.0001087,4.097e-05,0.0001519,9.577e-05,9.024e-05,0.0002048,0.0003461,1.279e-05,6.05e-06,1.037e-06,4.667e-06,1.729e-07,1.383e-06,1.037e-06,3.457e-07,3.112e-06,1.711e-05,1.521e-05,1.953e-05,0.0001765,2.991e-05,0.0001442,5.722e-05,0.000129,0.0001115,0.0001246,0.0002071,0.0001881,6.984e-05,9.594e-05,0.0006218,3.094e-05,2.144e-05,3.682e-05,5.67e-05,1.815e-05,3.457e-06,5.428e-05,0.0001647,0.0001073,0.0002413,7.053e-05,2.351e-05,0.000227,0.0003137,0.0004422,0.0001945,0.0002738,0.0002773,0.000115,0.0001205,4.443e-05,0.0001881
0.0002375,0.0002161,9.853e-05,0.0001872,0.0002268,0.0001703,2.074e-05,3.907e-05,0.0001035,4.443e-05,4.201e-05,0.0002434,0.0002959,1.054e-05,6.119e-05,3.457e-06,2.593e-06,6.915e-07,6.742e-06,3.112e-06,3.112e-06,0.000306,0.0001362,0.0002835,2.939e-05,0.0001801,1.677e-05,0.0001264,2.42e-06,2.455e-05,0.0001281,0.0003023,0.0003362,0.0002251,8.989e-05,1.089e-05,0.0004819,8.228e-05,3.959e-05,7.087e-06,5.255e-05,3.578e-05,5.981e-05,0.0001037,6.24e-05,2.299e-05,0.0001098,0.0001117,1.798e-05,0.0002085,0.000182,0.0002985,6.413e-05,8.522e-05,6.897e-05,3.44e-05,9.784e-05,0.0001236,0.0001815
0.0002064,0.0005921,0.0003793,1.919e-05,3.647e-05,0.0001737,0.0001392,0.0001407,5.653e-05,7.226e-05,8.055e-05,0.0001354,2.282e-05,2.766e-06,3.457e-07,1.729e-07,1.037e-06,1.072e-05,1.383e-05,1.175e-05,1.711e-05,0.0001362,6.223e-06,0.0001421,1.832e-05,7.692e-05,4.183e-05,0.000162,6.915e-05,1.348e-05,1.59e-05,6.534e-05,7.589e-05,5.445e-05,9.162e-06,8.643e-06,3.06e-05,1.089e-05,1.037e-06,3.129e-05,1.366e-05,1.21e-05,7.053e-05,3.371e-05,1.521e-05,6.482e-05,4.183e-05,3.941e-05,5.359e-06,0.0001236,0.0001582,0.0002876,0.0003528,0.0001819,4.062e-05,2.904e-05,7.399e-05,1.988e-05,9.75e-05
0.0003547,0.0007551,0.0001552,0.0002192,0.0002925,0.0002399,0.0001768,7.502e-05,7.917e-05,9.508e-05,2.731e-05,8.332e-05,1.971e-05,7.779e-05,5.186e-07,5.186e-07,0,1.902e-06,1.729e-05,8.297e-06,1.521e-05,0.0002835,0.0001421,0.0002828,3.993e-05,3.699e-05,1.106e-05,2.507e-05,2.87e-05,0.0001385,0.0002023,0.0001865,7.122e-05,4.875e-05,1.538e-05,1.521e-05,5.687e-05,1.089e-05,6.915e-07,4.892e-05,8.643e-06,1.21e-06,7.122e-05,1.867e-05,1.417e-05,0,6.742e-06,0.0001118,4.667e-05,0.0002736,0.0003112,0.0004038,0.0002837,5.203e-05,0.0001461,1.556e-05,0.0001179,0.0001106,0.0002901
0.0001869,0.0002074,6.448e-05,0.0001013,0.0001965,0.0001917,5.653e-05,8.903e-05,0.0001035,3.388e-05,2.074e-06,9.266e-05,0.0001265,9.266e-05,0.0001765,6.569e-06,4.823e-05,2.386e-05,0.0002449,2.368e-05,1.953e-05,2.939e-05,1.832e-05,3.993e-05,2.42e-05,4.823e-05,3.647e-05,3.475e-05,3.336e-05,0.0001623,0.0001001,0.0003475,0.0001302,4.443e-05,1.642e-05,7.087e-06,4.65e-05,0.0001542,9.611e-05,6.673e-05,0.0001312,0.0003169,8.626e-05,1.902e-05,0.0001056,5.272e-05,6.223e-06,7.329e-05,1.729e-06,3.665e-05,8.678e-05,0.0002892,0.0001321,6.292e-05,5.099e-05,0.0001096,0.0004064,0.000334,0.0002367
0.0001481,0.0001098,6.517e-05,5.86e-05,0.0001668,0.0002467,0.0003915,0.0002807,0.0001761,0.0001082,4.149e-06,4.356e-05,0.0001443,7.26e-06,4.494e-06,1.383e-06,4.494e-06,1.227e-05,1.729e-05,0.0001317,0.0001765,0.0001801,7.692e-05,3.699e-05,4.823e-05,3.734e-05,7.589e-05,0.0001694,0.0002342,0.0003959,0.0002405,0.0001988,4.512e-05,2.247e-05,1.487e-05,2.939e-06,6.223e-06,4.754e-05,3.803e-06,1.729e-06,6.5e-05,0.000117,6.915e-07,1.383e-05,6.863e-05,7.831e-05,4.84e-06,3.302e-05,8.021e-05,0.0001921,8.833e-05,0.0001547,0.0002406,0.0001582,0.0001568,0.0004942,0.0007158,0.0004057,0.0004052
0.0003813,0.0005551,0.0002188,0.0002347,0.000177,0.0001874,0.0002697,0.0003539,0.0001215,3.526e-05,0.0001348,0.0001122,0.0002685,1.504e-05,3.63e-06,3.284e-06,4.84e-06,1.383e-05,5.947e-05,3.976e-05,2.991e-05,1.677e-05,4.183e-05,1.106e-05,3.647e-05,7.589e-05,2.144e-05,0.00013,0.000122,0.0001841,0.0002712,0.0001803,5.03e-05,7.537e-05,0.00028,0.0001424,8.954e-05,0.0004909,0.0002361,0.0001309,0.0001131,0.0003234,1.21e-05,0.000145,6.984e-05,6.223e-06,2.714e-05,0.0001369,0.0001011,0.0002135,0.0001497,0.0002268,0.0002363,4.287e-05,8.73e-05,0.0002539,0.0004792,0.0003037,0.0002712
0.0002462,0.0005473,0.0004263,0.0003836,7.848e-05,8.522e-05,0.0003376,5.342e-05,7.001e-05,6.552e-05,3.267e-05,0.0001087,0.0003224,1.054e-05,4.667e-06,5.359e-06,8.418e-05,3.129e-05,7.727e-05,3.112e-06,0.0001442,0.0001264,0.000162,2.507e-05,3.475e-05,0.0001694,0.00013,5.532e-06,5.566e-05,3.215e-05,1.193e-05,0.0001117,7.018e-05,9.801e-05,0.0001364,9.68e-06,0.0002666,0.000343,4.322e-05,3.63e-06,0.000326,4.46e-05,1.729e-07,4.857e-05,0.0001257,3.457e-07,2.023e-05,0.0001578,7.641e-05,0.0003858,0.0002927,0.0001903,2.334e-05,7.606e-06,0.0001079,4.494e-06,5.342e-05,1.037e-05,5.808e-05
0.0007974,0.001015,0.0004558,0.0005763,0.0003907,0.0005933,0.0004095,6.171e-05,4.218e-05,0.0002028,0.0002178,0.0003338,0.0007343,1.487e-05,1.158e-05,4.927e-05,4.84e-05,8.004e-05,0.0001552,7.952e-06,5.722e-05,2.42e-06,6.915e-05,2.87e-05,3.336e-05,0.0002342,0.000122,5.566e-05,0.0001335,0.0001886,8.436e-05,0.0001537,7.433e-06,4.84e-06,5.705e-06,0.0001544,1.227e-05,5.359e-05,4.01e-05,1.193e-05,0.0002482,9.819e-05,0,3.907e-05,0.0003371,5.186e-06,3.336e-05,0.0001675,2.092e-05,0.0004882,0.000322,0.0004163,5.238e-05,0.0002436,0.0004814,2.282e-05,5.307e-05,5.653e-05,6.465e-05
0.0002161,0.0003253,0.0004138,0.0003684,0.0002126,0.00059,0.000325,0.0001744,3.526e-05,0.0001101,5.169e-05,0.0002517,0.0004294,1.659e-05,1.832e-05,4.408e-05,9.715e-05,7.07e-05,0.0001201,4.667e-06,0.000129,2.455e-05,1.348e-05,0.0001385,0.0001623,0.0003959,0.0001841,3.215e-05,0.0001886,0.0001684,3.924e-05,8.695e-05,3.112e-06,6.915e-07,3.457e-07,8.09e-05,0.0001053,9.888e-05,1.383e-06,5.359e-06,0.00045,8.125e-06,6.05e-06,8.384e-05,0.0003851,1.711e-05,0.0002244,0.0001495,3.25e-05,0.0005699,0.0002251,0.0002147,8.142e-05,0.0003001,0.0003604,0.0001407,5.497e-05,2.351e-05,2.852e-05
0.0001029,6.88e-05,0.0001461,0.000145,4.08e-05,0.0001718,0.0002724,0.0001296,5.255e-05,5.065e-05,1.625e-05,0.0001599,0.0003431,2.04e-05,5.532e-05,2.299e-05,3.596e-05,3.146e-05,0.0001258,5.359e-06,0.0001115,0.0001281,1.59e-05,0.0002023,0.0001001,0.0002405,0.0002712,1.193e-05,8.436e-05,3.924e-05,7.952e-06,2.334e-05,3.63e-06,4.84e-06,1.037e-06,1.003e-05,0.0002259,0.0002195,4.667e-06,4.996e-05,0.0003767,2.195e-05,0.0002367,0.0002557,0.0002169,0.000213,0.0002602,0.0001395,3.042e-05,0.0003926,0.000116,0.000149,3.82e-05,9.905e-05,0.0001374,1.867e-05,0.0001511,9.421e-05,0.000136
6.88e-05,9.611e-05,0.0002966,0.0003454,0.0002939,0.0002906,0.0001634,0.0001378,9.075e-05,8.384e-05,5.705e-05,6.05e-05,0.0003639,6.327e-05,0.0001315,0.0001238,0.0003272,0.0002211,0.00028,0.0002142,0.0001246,0.0003023,6.534e-05,0.0001865,0.0003475,0.0001988,0.0001803,0.0001117,0.0001537,8.695e-05,2.334e-05,0.0002137,0.0001466,0.0001208,1.573e-05,4.702e-05,7.744e-05,0.0001488,1.659e-05,2.074e-05,0.0001034,2.766e-05,0.0002256,4.218e-05,4.978e-05,6.88e-05,0.0001044,9.542e-05,4.667e-05,0.0001841,6.603e-05,6.396e-05,0.0001767,0.0001934,0.0002785,3.596e-05,0.0001229,0.0002425,0.0002256
9.68e-05,2.852e-05,0.0002508,4.27e-05,1.642e-05,6.379e-05,6.707e-05,7.692e-05,6.189e-05,4.875e-05,2.403e-05,2.541e-05,0.0001843,9.024e-05,0.0002626,0.0001369,0.000358,0.0003265,0.0001487,5.722e-05,0.0002071,0.0003362,7.589e-05,7.122e-05,0.0001302,4.512e-05,5.03e-05,7.018e-05,7.433e-06,3.112e-06,3.63e-06,0.0001466,1.694e-05,3.665e-05,9.162e-06,6.915e-05,8.004e-05,0.0002031,3.889e-05,7.744e-05,4.615e-05,8.643e-06,0.000167,7.952e-05,2.8e-05,3.181e-05,0.0001329,0.0001032,4.149e-06,0.0001131,3.198e-05,1.037e-05,3.768e-05,4.667e-06,3.665e-05,1.867e-05,6.119e-05,0.0001345,0.000219
0.0001006,1.832e-05,0.0002678,2.005e-05,5.013e-06,1.106e-05,1.4e-05,1.175e-05,3.907e-05,2.074e-05,1.141e-05,1.556e-05,0.0001008,6.845e-05,0.0002418,0.0001106,0.0002781,0.0002377,0.0001063,3.44e-05,0.0001881,0.0002251,5.445e-05,4.875e-05,4.443e-05,2.247e-05,7.537e-05,9.801e-05,4.84e-06,6.915e-07,4.84e-06,0.0001208,3.665e-05,4.529e-05,2.645e-05,0.0001053,0.0001362,0.0001011,4.633e-05,0.0001172,2.766e-05,5.359e-06,0.000131,0.0001105,1.85e-05,7.952e-06,9.248e-05,0.000144,2.939e-06,7.571e-05,1.573e-05,1.383e-06,1.729e-06,1.383e-06,1.538e-05,4.494e-06,2.576e-05,3.475e-05,8.678e-05
3.336e-05,1.003e-05,0.0002771,2.87e-05,1.729e-07,1.729e-06,1.729e-06,1.037e-06,2.489e-05,4.149e-06,1.729e-07,9.162e-06,2.247e-05,8.47e-06,4.84e-05,3.889e-05,4.304e-05,5.532e-05,3.526e-05,1.902e-06,6.984e-05,8.989e-05,9.162e-06,1.538e-05,1.642e-05,1.487e-05,0.00028,0.0001364,5.705e-06,3.457e-07,1.037e-06,1.573e-05,9.162e-06,2.645e-05,1.383e-06,8.816e-05,2.973e-05,6.119e-05,1.037e-06,4.322e-05,1.227e-05,8.643e-07,2.074e-05,8.055e-05,2.161e-05,3.457e-06,1.504e-05,0.0001915,8.297e-06,7.848e-05,1.902e-06,2.213e-05,6.915e-07,1.902e-06,2.074e-06,6.915e-07,1.245e-05,8.47e-06,4.322e-06
9.853e-05,9.905e-05,1.296e-05,5.359e-06,1.435e-05,1.746e-05,7.779e-06,0.0001079,2.074e-05,7.952e-06,3.578e-05,0.0001072,3.596e-05,3.163e-05,1.746e-05,0,1.902e-06,0.0001169,0.000172,0.0002131,9.594e-05,1.089e-05,8.643e-06,1.521e-05,7.087e-06,2.939e-06,0.0001424,9.68e-06,0.0001544,8.09e-05,1.003e-05,4.702e-05,6.915e-05,0.0001053,8.816e-05,0,7.226e-05,0.0002985,1.625e-05,1.089e-05,5.739e-05,0.0001029,7.779e-06,3.855e-05,2.455e-05,0.0001831,8.643e-06,4.615e-05,3.457e-07,3.371e-05,3.146e-05,2.628e-05,1.262e-05,3.803e-06,2.247e-06,5.013e-06,0.0001882,0.000125,2.904e-05
3.25e-05,2.558e-05,2.368e-05,2.593e-06,4.494e-06,1.59e-05,2.714e-05,0.0002,0.0001156,3.786e-05,3.509e-05,6.69e-05,4.252e-05,4.062e-05,6.984e-05,8.194e-05,3.803e-06,8.626e-05,0.0001583,0.0004553,0.0006218,0.0004819,3.06e-05,5.687e-05,4.65e-05,6.223e-06,8.954e-05,0.0002666,1.227e-05,0.0001053,0.0002259,7.744e-05,8.004e-05,0.0001362,2.973e-05,7.226e-05,3.838e-05,0.0001267,0.0001151,0.000116,1.193e-05,8.73e-05,0.0001314,7.208e-05,5.532e-06,4.633e-05,4.65e-05,4.754e-05,9.68e-06,2.42e-06,0,2.939e-06,6.569e-06,3.457e-07,8.643e-07,5.186e-07,5.463e-05,0.0001129,2.144e-05
7.001e-05,6.396e-06,0.0001222,1.037e-06,1.729e-07,2.766e-06,8.903e-05,4.598e-05,7.606e-06,2.42e-06,2.161e-05,2.714e-05,0.0001333,0.0001324,0.0002612,0.000343,7.571e-05,4.961e-05,3.82e-05,1.124e-05,3.094e-05,8.228e-05,1.089e-05,1.089e-05,0.0001542,4.754e-05,0.0004909,0.000343,5.359e-05,9.888e-05,0.0002195,0.0001488,0.0002031,0.0001011,6.119e-05,0.0002985,0.0001267,1.936e-05,0.0001189,0.0001793,5.186e-06,1.556e-06,0.0001175,7.433e-05,3.284e-06,2.766e-06,0.0002045,0.000103,6.915e-07,1.469e-05,4.84e-06,0.000103,1.677e-05,1.815e-05,1.21e-06,1.902e-06,2.939e-06,4.494e-06,3.284e-06
6.223e-05,9.853e-06,2.247e-06,1.383e-06,3.457e-06,3.63e-06,2.42e-06,3.751e-05,5.912e-05,8.297e-06,3.284e-06,2.921e-05,0.000208,0.0001907,4.633e-05,1.21e-06,1.106e-05,1.366e-05,7.952e-06,1.711e-05,2.144e-05,3.959e-05,1.037e-06,6.915e-07,9.611e-05,3.803e-06,0.0002361,4.322e-05,4.01e-05,1.383e-06,4.667e-06,1.659e-05,3.889e-05,4.633e-05,1.037e-06,1.625e-05,0.0001151,0.0001189,1.729e-06,0.0001258,0.0002105,0.0002161,6.915e-07,0.0001723,0.0003279,1.037e-06,6.223e-06,0.0001943,1.729e-07,0.0001051,8.66e-05,0.0003291,0.0001789,6.569e-06,4.494e-06,6.742e-06,8.643e-06,0.0002275,9.369e-05
5.376e-05,3.371e-05,1.383e-06,0,3.63e-06,1.729e-06,1.902e-06,4.494e-06,1.867e-05,0,3.993e-05,5.238e-05,1.763e-05,6.569e-06,9.68e-06,0.000107,3.457e-07,0.0001525,0.0001376,0.0002332,3.682e-05,7.087e-06,3.129e-05,4.892e-05,6.673e-05,1.729e-06,0.0001309,3.63e-06,1.193e-05,5.359e-06,4.996e-05,2.074e-05,7.744e-05,0.0001172,4.322e-05,1.089e-05,0.000116,0.0001793,0.0001258,0,3.492e-05,1.919e-05,3.803e-06,2.316e-05,2.593e-06,1.746e-05,0.0001338,1.089e-05,1.054e-05,2.42e-05,3.457e-07,4.494e-06,6.915e-07,2.074e-06,1.729e-07,0,2.904e-05,0.000131,3.371e-05
1.884e-05,8.643e-06,5.134e-05,2.939e-06,1.417e-05,9.093e-05,0.0001815,0.0002029,0.0001093,3.475e-05,1.072e-05,0.0001118,0.0001369,3.042e-05,8.574e-05,0.0004695,3.578e-05,1.711e-05,3.63e-06,5.532e-06,5.67e-05,5.255e-05,1.366e-05,8.643e-06,0.0001312,6.5e-05,0.0001131,0.000326,0.0002482,0.00045,0.0003767,0.0001034,4.615e-05,2.766e-05,1.227e-05,5.739e-05,1.193e-05,5.186e-06,0.0002105,3.492e-05,0,3.457e-07,0.0002271,3.112e-05,0,1.556e-06,0.0001134,9.853e-06,0,3.284e-06,2.247e-06,4.667e-06,2.593e-06,3.976e-06,3.457e-07,0,1.729e-07,3.457e-07,8.989e-06
0.0001839,0.0001538,5.497e-05,4.149e-06,9.853e-06,1.521e-05,0.0001124,3.976e-06,8.989e-06,6.742e-06,4.823e-05,0.0002972,0.000447,0.0002595,0.000301,0.0005307,0.00027,2.437e-05,6.569e-06,6.742e-06,1.815e-05,3.578e-05,1.21e-05,1.21e-06,0.0003169,0.000117,0.0003234,4.46e-05,9.819e-05,8.125e-06,2.195e-05,2.766e-05,8.643e-06,5.359e-06,8.643e-07,0.0001029,8.73e-05,1.556e-06,0.0002161,1.919e-05,3.457e-07,0,1.296e-05,0.000121,0,2.247e-06,2.939e-05,7.485e-05,1.21e-06,0.0001058,2.904e-05,0.0001717,5.705e-06,2.714e-05,1.21e-06,5.186e-07,1.21e-06,3.457e-07,1.158e-05
6.05e-05,1.867e-05,3.457e-07,0,0,0,6.915e-07,1.729e-06,5.618e-05,8.643e-07,1.21e-06,0.0001392,0.0002373,0,4.84e-06,0,6.742e-06,2.247e-06,4.84e-06,3.457e-07,3.457e-06,5.981e-05,7.053e-05,7.122e-05,8.626e-05,6.915e-07,1.21e-05,1.729e-07,0,6.05e-06,0.0002367,0.0002256,0.000167,0.000131,2.074e-05,7.779e-06,0.0001314,0.0001175,6.915e-07,3.803e-06,0.0002271,1.296e-05,2.766e-06,6.275e-05,0.0002296,3.457e-07,3.976e-06,3.907e-05,1.729e-07,7.52e-05,5.013e-06,3.993e-05,6.05e-06,1.556e-06,0,1.556e-06,1.556e-06,4.581e-05,5.29e-05
1.711e-05,1.417e-05,6.915e-07,1.902e-06,3.803e-06,3.319e-05,1.729e-06,2.852e-05,3.699e-05,2.766e-06,5.186e-06,1.417e-05,9.853e-05,0,4.494e-06,0.0001193,0,3.509e-05,1.556e-06,1.884e-05,5.428e-05,0.0001037,3.371e-05,1.867e-05,1.902e-05,1.383e-05,0.000145,4.857e-05,3.907e-05,8.384e-05,0.0002557,4.218e-05,7.952e-05,0.0001105,8.055e-05,3.855e-05,7.208e-05,7.433e-05,0.0001723,2.316e-05,3.112e-05,0.000121,6.275e-05,8.643e-06,4.84e-06,3.647e-05,0.0001258,1.037e-06,3.457e-07,1.729e-07,0,1.902e-06,1.383e-06,1.711e-05,4.667e-06,3.388e-05,0.0001288,5.843e-05,6.794e-05
1.02e-05,0.0001696,1.798e-05,1.02e-05,1.659e-05,0.0001971,0.0001632,7.174e-05,2.697e-05,2.178e-05,1.988e-05,0.0001492,0.0001449,1.02e-05,2.662e-05,0.0003615,0.0001475,0.0003258,7.278e-05,8.453e-05,0.0001647,6.24e-05,1.521e-05,1.417e-05,0.0001056,6.863e-05,6.984e-05,0.0001257,0.0003371,0.0003851,0.0002169,4.978e-05,2.8e-05,1.85e-05,2.161e-05,2.455e-05,5.532e-06,3.284e-06,0.0003279,2.593e-06,0,0,0.0002296,4.84e-06,0,7.433e-06,4.166e-05,1.089e-05,1.729e-07,1.417e-05,3.457e-06,7.087e-06,1.902e-06,4.494e-06,1.729e-07,6.915e-07,2.766e-06,1.729e-06,6.569e-06
0.0001243,0.0002057,2.818e-05,3.734e-05,3.146e-05,5.186e-05,3.302e-05,0.000154,0.0001452,0.00012,1.469e-05,0.0003924,0.0002856,2.247e-06,1.832e-05,0.0002944,8.643e-06,1.037e-06,6.915e-07,0,0.0001073,2.299e-05,6.482e-05,0,5.272e-05,7.831e-05,6.223e-06,3.457e-07,5.186e-06,1.711e-05,0.000213,6.88e-05,3.181e-05,7.952e-06,3.457e-06,0.0001831,4.633e-05,2.766e-06,1.037e-06,1.746e-05,1.556e-06,2.247e-06,3.457e-07,3.647e-05,7.433e-06,1.383e-06,4.322e-06,1.435e-05,1.037e-06,0.0001086,0.0001713,0.0002282,1.815e-05,1.988e-05,3.457e-07,1.729e-06,4.494e-06,1.193e-05,0.0001006
3.993e-05,3.959e-05,1.815e-05,1.953e-05,5.808e-05,3.63e-05,4.546e-05,0.0001737,7.744e-05,5.705e-06,1.21e-06,0.0001341,0.0001163,8.989e-06,1.158e-05,3.751e-05,5.186e-07,3.457e-07,5.359e-06,1.729e-06,0.0002413,0.0001098,4.183e-05,6.742e-06,6.223e-06,4.84e-06,2.714e-05,2.023e-05,3.336e-05,0.0002244,0.0002602,0.0001044,0.0001329,9.248e-05,1.504e-05,8.643e-06,4.65e-05,0.0002045,6.223e-06,0.0001338,0.0001134,2.939e-05,3.976e-06,0.0001258,4.166e-05,4.322e-06,0,7.606e-06,1.729e-07,1.694e-05,8.125e-06,1.781e-05,1.971e-05,1.072e-05,1.383e-05,2.282e-05,0.0002864,0.0001651,0.0001376
5.082e-05,0.0001205,0.0001056,3.371e-05,5.67e-05,0.0001371,1.729e-05,5.238e-05,1.971e-05,2.247e-06,2.074e-06,1.815e-05,0.0002093,7.087e-06,2.109e-05,7.26e-06,2.42e-06,1.037e-06,3.457e-07,3.976e-05,7.053e-05,0.0001117,3.941e-05,0.0001118,7.329e-05,3.302e-05,0.0001369,0.0001578,0.0001675,0.0001495,0.0001395,9.542e-05,0.0001032,0.000144,0.0001915,4.615e-05,4.754e-05,0.000103,0.0001943,1.089e-05,9.853e-06,7.485e-05,3.907e-05,1.037e-06,1.089e-05,1.435e-05,7.606e-06,2.074e-06,4.84e-06,8.989e-06,2.576e-05,1.763e-05,1.072e-05,4.287e-05,7.381e-05,0.0002655,0.0003957,0.0002156,0.0001929
2.489e-05,0.0007144,8.367e-05,0.0001896,0.0001727,0.0001959,0.0001692,0.0001886,9.836e-05,5.739e-05,2.42e-06,1.331e-05,5.186e-06,2.074e-06,6.915e-07,2.42e-06,8.643e-07,2.939e-06,2.057e-05,3.284e-06,2.351e-05,1.798e-05,5.359e-06,4.667e-05,1.729e-06,8.021e-05,0.0001011,7.641e-05,2.092e-05,3.25e-05,3.042e-05,4.667e-05,4.149e-06,2.939e-06,8.297e-06,3.457e-07,9.68e-06,6.915e-07,1.729e-07,1.054e-05,0,1.21e-06,1.729e-07,3.457e-07,1.729e-07,1.037e-06,1.729e-07,4.84e-06,0,2.247e-06,6.742e-06,1.659e-05,1.884e-05,8.47e-06,2.593e-06,1.452e-05,5.895e-05,3.146e-05,0.0002206
5.826e-05,0.0002387,7.329e-05,0.0001933,0.0002036,0.0002045,0.0001203,0.0001573,5.532e-05,0.000143,1.556e-06,0.0001523,4.339e-05,8.125e-06,6.915e-07,7.433e-06,1.729e-06,0.0002503,7.779e-05,0.0004688,0.000227,0.0002085,0.0001236,0.0002736,3.665e-05,0.0001921,0.0002135,0.0003858,0.0004882,0.0005699,0.0003926,0.0001841,0.0001131,7.571e-05,7.848e-05,3.371e-05,2.42e-06,1.469e-05,0.0001051,2.42e-05,3.284e-06,0.0001058,7.52e-05,1.729e-07,1.417e-05,0.0001086,1.694e-05,8.989e-06,2.247e-06,1.452e-05,6.569e-06,1.4e-05,1.711e-05,2.282e-05,5.705e-06,0.0002889,0.0004921,0.0001782,0.0001117
9.577e-05,0.0003163,0.0002859,0.0004434,0.0003418,0.0002826,9.248e-05,1.694e-05,1.902e-05,2.247e-05,3.855e-05,8.401e-05,1.538e-05,2.87e-05,3.336e-05,0.0001941,2.87e-05,0.0003354,0.0004731,0.0006055,0.0003137,0.000182,0.0001582,0.0003112,8.678e-05,8.833e-05,0.0001497,0.0002927,0.000322,0.0002251,0.000116,6.603e-05,3.198e-05,1.573e-05,1.902e-06,3.146e-05,0,4.84e-06,8.66e-05,3.457e-07,2.247e-06,2.904e-05,5.013e-06,0,3.457e-06,0.0001713,8.125e-06,2.576e-05,6.742e-06,6.569e-06,7.606e-06,9.508e-06,6.742e-06,8.125e-06,9.508e-06,0.0002603,0.0002529,0.0003964,0.0001073
0.0004163,0.0005556,0.0006953,0.0005167,0.0003414,0.0004526,0.000401,0.0001611,7.831e-05,6.05e-05,0.0002144,0.0002323,0.0002401,0.000164,0.0001831,0.0002942,0.000246,0.0003649,0.0003993,0.0005917,0.0004422,0.0002985,0.0002876,0.0004038,0.0002892,0.0001547,0.0002268,0.0001903,0.0004163,0.0002147,0.000149,6.396e-05,1.037e-05,1.383e-06,2.213e-05,2.628e-05,2.939e-06,0.000103,0.0003291,4.494e-06,4.667e-06,0.0001717,3.993e-05,1.902e-06,7.087e-06,0.0002282,1.781e-05,1.763e-05,1.659e-05,1.4e-05,9.508e-06,1.072e-05,7.433e-06,1.435e-05,1.919e-05,0.0002595,0.0002066,0.0002085,0.0002944
0.0003945,0.0004546,0.0005093,0.0003392,0.0002705,0.0006002,0.0011,0.000288,0.0002206,0.0002429,0.0006412,0.0004024,0.0002994,0.0002935,0.0002436,0.0004847,0.0002622,0.0001649,0.0002709,0.0001023,0.0001945,6.413e-05,0.0003528,0.0002837,0.0001321,0.0002406,0.0002363,2.334e-05,5.238e-05,8.142e-05,3.82e-05,0.0001767,3.768e-05,1.729e-06,6.915e-07,1.262e-05,6.569e-06,1.677e-05,0.0001789,6.915e-07,2.593e-06,5.705e-06,6.05e-06,1.383e-06,1.902e-06,1.815e-05,1.971e-05,1.072e-05,1.884e-05,1.711e-05,6.742e-06,7.433e-06,6.223e-06,6.863e-05,2.714e-05,2.8e-05,1.953e-05,5.463e-05,0.000131
0.0001027,0.000617,0.0004698,0.0008458,0.0007321,0.0009226,0.0001876,0.0006821,0.0006296,0.0008816,0.0003722,0.0005715,0.0001392,0.0004444,0.0001533,0.0001252,0.0001502,0.0001447,0.0001844,0.0001749,0.0002738,8.522e-05,0.0001819,5.203e-05,6.292e-05,0.0001582,4.287e-05,7.606e-06,0.0002436,0.0003001,9.905e-05,0.0001934,4.667e-06,1.383e-06,1.902e-06,3.803e-06,3.457e-07,1.815e-05,6.569e-06,2.074e-06,3.976e-06,2.714e-05,1.556e-06,1.711e-05,4.494e-06,1.988e-05,1.072e-05,4.287e-05,8.47e-06,2.282e-05,8.125e-06,1.435e-05,6.863e-05,8.505e-05,1.919e-05,8.367e-05,0.0001158,7.45e-05,3.786e-05
2.403e-05,0.0001068,0.0001108,0.0003032,0.000164,0.0002648,6.344e-05,5.342e-05,7.52e-05,0.0001981,8.764e-05,0.0002449,0.000126,7.986e-05,8.159e-05,0.0003549,0.0001329,0.0005609,0.0005029,0.0003326,0.0002773,6.897e-05,4.062e-05,0.0001461,5.099e-05,0.0001568,8.73e-05,0.0001079,0.0004814,0.0003604,0.0001374,0.0002785,3.665e-05,1.538e-05,2.074e-06,2.247e-06,8.643e-07,1.21e-06,4.494e-06,1.729e-07,3.457e-07,1.21e-06,0,4.667e-06,1.729e-07,3.457e-07,1.383e-05,7.381e-05,2.593e-06,5.705e-06,9.508e-06,1.919e-05,2.714e-05,1.919e-05,1.037e-06,1.953e-05,2.316e-05,1.815e-05,5.013e-06
0.0003049,0.0006871,0.0006761,0.0005582,0.0005502,0.0003608,0.000233,0.0001091,0.0001424,0.0002648,0.0001559,0.0002017,0.0001343,0.0001433,4.823e-05,8.038e-05,0.0001364,0.0001329,7.554e-05,2.144e-05,0.000115,3.44e-05,2.904e-05,1.556e-05,0.0001096,0.0004942,0.0002539,4.494e-06,2.282e-05,0.0001407,1.867e-05,3.596e-05,1.867e-05,4.494e-06,6.915e-07,5.013e-06,5.186e-07,1.902e-06,6.742e-06,0,0,5.186e-07,1.556e-06,3.388e-05,6.915e-07,1.729e-06,2.282e-05,0.0002655,1.452e-05,0.0002889,0.0002603,0.0002595,2.8e-05,8.367e-05,1.953e-05,6.223e-06,8.297e-06,9.68e-06,3.163e-05
0.0006125,0.000684,0.0006541,0.0001708,0.0001357,0.0001039,0.0002005,5.514e-05,9.3e-05,0.0002204,0.0004857,0.0003044,0.0003324,8.401e-05,6.344e-05,0.0001506,0.0003476,0.000199,0.0001526,6.759e-05,0.0001205,9.784e-05,7.399e-05,0.0001179,0.0004064,0.0007158,0.0004792,5.342e-05,5.307e-05,5.497e-05,0.0001511,0.0001229,6.119e-05,2.576e-05,1.245e-05,0.0001882,5.463e-05,2.939e-06,8.643e-06,2.904e-05,1.729e-07,1.21e-06,1.556e-06,0.0001288,2.766e-06,4.494e-06,0.0002864,0.0003957,5.895e-05,0.0004921,0.0002529,0.0002066,1.953e-05,0.0001158,2.316e-05,8.297e-06,4.46e-05,1.469e-05,5.687e-05
0.0003184,0.0006709,0.0002994,2.265e-05,3.198e-05,5.463e-05,0.000116,2.23e-05,0.0001379,0.0001658,9.836e-05,0.0003495,0.0003376,9.127e-05,5.169e-05,0.0001065,0.0003212,0.0002209,2.507e-05,1.902e-06,4.443e-05,0.0001236,1.988e-05,0.0001106,0.000334,0.0004057,0.0003037,1.037e-05,5.653e-05,2.351e-05,9.421e-05,0.0002425,0.0001345,3.475e-05,8.47e-06,0.000125,0.0001129,4.494e-06,0.0002275,0.000131,3.457e-07,3.457e-07,4.581e-05,5.843e-05,1.729e-06,1.193e-05,0.0001651,0.0002156,3.146e-05,0.0001782,0.0003964,0.0002085,5.463e-05,7.45e-05,1.815e-05,9.68e-06,1.469e-05,1.072e-05,4.425e-05
0.0003969,0.0003663,0.0001884,3.786e-05,0.0002175,5.808e-05,0.000129,0.0001971,0.0003407,0.000419,9.559e-05,0.000437,0.0002152,0.0001309,0.000172,6.759e-05,0.0001034,0.0001027,0.0002463,0.0002781,0.0001881,0.0001815,9.75e-05,0.0002901,0.0002367,0.0004052,0.0002712,5.808e-05,6.465e-05,2.852e-05,0.000136,0.0002256,0.000219,8.678e-05,4.322e-06,2.904e-05,2.144e-05,3.284e-06,9.369e-05,3.371e-05,8.989e-06,1.158e-05,5.29e-05,6.794e-05,6.569e-06,0.0001006,0.0001376,0.0001929,0.0002206,0.0001117,0.0001073,0.0002944,0.000131,3.786e-05,5.013e-06,3.163e-05,5.687e-05,4.425e-05,0.0004332
