0.002188,0.001554,0.0004284,0.0008465,0.0001118,0.0007322,1.275e-06,4.25e-06,2.125e-05,8.499e-07,8.499e-06,0.0008155,7.012e-05,0.000838,3.315e-05,0.0002809,2.55e-06,1.7e-06,8.499e-07,8.754e-05,0.0001364,7.564e-05,0.0007033,0.0002456
0.002259,0.0004284,6.799e-06,0.0008338,1.785e-05,0.0002749,8.499e-07,1.7e-06,4.675e-06,2.38e-05,5.057e-05,0.0008168,0.0002159,0.0005159,3.74e-05,0.001147,6.884e-05,2.422e-05,0,0.000504,0.0007879,0.0002605,0.0003808,0.0002941
0.001256,0.0008465,0.0008338,0.0004437,4.547e-05,5.524e-06,1.062e-05,8.499e-07,8.499e-07,2.975e-06,2.55e-05,1.147e-05,0.0002958,0.0005388,7.904e-05,0.0001203,0,1.275e-06,0,9.562e-05,0.000694,1.232e-05,1.275e-06,0.0002834
5.414e-05,0.0001118,1.785e-05,4.547e-05,0.0005813,1.53e-05,0.0003009,0,0,0.000173,0,0.000634,0.0003799,0.0001016,9.647e-05,0.0007309,2.082e-05,0,0,1.275e-06,0.0006442,1.275e-06,0.0007479,2.38e-05
3.332e-06,0.0007322,0.0002749,5.524e-06,1.53e-05,0,0,8.499e-07,3.315e-05,5.779e-05,0,4.25e-07,0.0001458,1.53e-05,5.694e-05,0.00128,0.0004785,0.0001568,2.975e-06,0,1.657e-05,0,0,0
0.0002694,1.275e-06,8.499e-07,1.062e-05,0.0003009,0,0,0,0,2.125e-06,0,7.224e-06,4.25e-07,1.912e-05,1.275e-05,0.0007938,0.0002078,0,0,5.949e-06,0,0,0,0
0,4.25e-06,1.7e-06,8.499e-07,0,8.499e-07,0,0,0,4.25e-07,4.93e-05,4.25e-07,0,4.25e-06,2.55e-06,0.0004543,8.499e-07,0.0005108,0,0.0001207,8.499e-07,0.0001564,0,0
0.000252,2.125e-05,4.675e-06,8.499e-07,0,3.315e-05,0,0,1.02e-05,0,1.19e-05,2.55e-06,2.04e-05,0.000609,0,0.0004692,1.275e-06,9.774e-05,0,0,0.0001122,2.55e-06,0,0
0.0003094,8.499e-07,2.38e-05,2.975e-06,0.000173,5.779e-05,2.125e-06,4.25e-07,0,0,1.7e-05,4.25e-07,0,0.0003374,4.25e-07,5.099e-06,5.227e-05,0,0,0,0,0,0,0
0.0007938,8.499e-06,5.057e-05,2.55e-05,0,0,0,4.93e-05,1.19e-05,1.7e-05,0.0001224,8.499e-07,0.0005121,1.275e-06,0,0,0.0002155,0,0,1.7e-06,0,0,5.099e-06,0.0001033
0.0002028,0.0008155,0.0008168,1.147e-05,0.000634,4.25e-07,7.224e-06,4.25e-07,2.55e-06,4.25e-07,8.499e-07,0,0.000116,4.25e-07,0.0005643,5.439e-05,4.25e-07,0,0,0.0007683,1.275e-06,4.675e-06,0.0007683,0.001165
0.0003386,7.012e-05,0.0002159,0.0002958,0.0003799,0.0001458,4.25e-07,0,2.04e-05,0,0.0005121,0.000116,3.995e-05,2.762e-05,0.0007403,0.000909,0.0005809,8.499e-07,8.924e-06,0.0008265,0.000102,1.7e-06,0.0005184,0.0003748
0.001378,0.000838,0.0005159,0.0005388,0.0001016,1.53e-05,1.912e-05,4.25e-06,0.000609,0.0003374,1.275e-06,4.25e-07,2.762e-05,0.0001402,0.0006264,0.0001398,0.0006213,0.0005537,4.25e-07,1.955e-05,3.825e-06,0.000263,4.802e-05,0.0001972
0.0001154,3.315e-05,3.74e-05,7.904e-05,9.647e-05,5.694e-05,1.275e-05,2.55e-06,0,4.25e-07,0,0.0005643,0.0007403,0.0006264,0.0006349,0.00123,0.0003204,5.524e-06,0,0.0008223,1.275e-05,2.592e-05,0.0001309,6.884e-05
0.0007909,0.0002809,0.001147,0.0001203,0.0007309,0.00128,0.0007938,0.0004543,0.0004692,5.099e-06,0,5.439e-05,0.000909,0.0001398,0.00123,0.0001411,0.0006319,6.119e-05,0,1.232e-05,0.000994,1.955e-05,0.0004602,0.0006085
7.913e-06,2.55e-06,6.884e-05,0,2.082e-05,0.0004785,0.0002078,8.499e-07,1.275e-06,5.227e-05,0.0002155,4.25e-07,0.0005809,0.0006213,0.0003204,0.0006319,5.099e-06,0,0,0.0004883,2.55e-06,1.275e-06,4.25e-07,1.275e-06
7.08e-06,1.7e-06,2.422e-05,1.275e-06,0,0.0001568,0,0.0005108,9.774e-05,0,0,0,8.499e-07,0.0005537,5.524e-06,6.119e-05,0,0,0.0003969,0.0005818,9.349e-06,0.0002677,0,8.499e-07
0.0005747,8.499e-07,0,0,0,2.975e-06,0,0,0,0,0,0,8.924e-06,4.25e-07,0,0,0,0.0003969,0,0,0.0001917,0,0,4.25e-07
0.0004685,8.754e-05,0.000504,9.562e-05,1.275e-06,0,5.949e-06,0.0001207,0,0,1.7e-06,0.0007683,0.0008265,1.955e-05,0.0008223,1.232e-05,0.0004883,0.0005818,0,0,1.615e-05,2.125e-06,3.825e-06,0.0003489
0.0004527,0.0001364,0.0007879,0.000694,0.0006442,1.657e-05,0,8.499e-07,0.0001122,0,0,1.275e-06,0.000102,3.825e-06,1.275e-05,0.000994,2.55e-06,9.349e-06,0.0001917,1.615e-05,0,0,5.099e-06,4.25e-07
0.0002961,7.564e-05,0.0002605,1.232e-05,1.275e-06,0,0,0.0001564,2.55e-06,0,0,4.675e-06,1.7e-06,0.000263,2.592e-05,1.955e-05,1.275e-06,0.0002677,0,2.125e-06,0,0,0,5.949e-06
2.915e-06,0.0007033,0.0003808,1.275e-06,0.0007479,0,0,0,0,0,5.099e-06,0.0007683,0.0005184,4.802e-05,0.0001309,0.0004602,4.25e-07,0,0,3.825e-06,5.099e-06,0,8.499e-07,0
0.0002753,0.0002456,0.0002941,0.0002834,2.38e-05,0,0,0,0,0,0.0001033,0.001165,0.0003748,0.0001972,6.884e-05,0.0006085,1.275e-06,8.499e-07,4.25e-07,0.0003489,4.25e-07,5.949e-06,0,0
7.246e-05,0.002232,0.002271,0.0009596,4.717e-05,3.4e-06,0.0002749,0,8.499e-07,0.0003157,0.0004806,0.0001776,0.0003425,0.001406,0.0001177,0.000807,8.074e-06,7.224e-06,0.0005274,0.000416,0.0004619,0.0003021,2.975e-06,0.0002809
